<?xml version="1.0" encoding="UTF-8"?>
<project-private xmlns="http://www.netbeans.org/ns/project-private/1">
    <editor-bookmarks xmlns="http://www.netbeans.org/ns/editor-bookmarks/2" lastBookmarkId="0"/>
    <open-files xmlns="http://www.netbeans.org/ns/projectui-open-files/2">
        <group>
            <file>file:/G:/Tecnico-Em-Informatica-Para-Internet/Desenvolvimento-de-Aplicativos-I/Exercicios/EstudoDirigido_N1/src/Ex11/Frankenstein.java</file>
            <file>file:/G:/Tecnico-Em-Informatica-Para-Internet/Desenvolvimento-de-Aplicativos-I/Exercicios/EstudoDirigido_N1/src/Ex11/Cachorro.java</file>
            <file>file:/G:/Tecnico-Em-Informatica-Para-Internet/Desenvolvimento-de-Aplicativos-I/Exercicios/EstudoDirigido_N1/src/Ex11/Mosca.java</file>
            <file>file:/G:/Tecnico-Em-Informatica-Para-Internet/Desenvolvimento-de-Aplicativos-I/Exercicios/EstudoDirigido_N1/src/Ex11/Papagaio.java</file>
            <file>file:/G:/Tecnico-Em-Informatica-Para-Internet/Desenvolvimento-de-Aplicativos-I/Exercicios/EstudoDirigido_N1/src/Ex11/Animal.java</file>
        </group>
    </open-files>
</project-private>
